Jersey number,Player,Team,Games played,Minutes,Points,Points per player's possession,Field goals made,Field goals attempted,"Field goals, %",3-pt field goals made,3-pt field goals attempted,"3-pt field goals, %",Free throws made,Free throws attempted,"Free throws, %",Rebounds,Offensive rebounds,Defensive rebounds,Assists,Steals,Turnovers,Blocks,Fouls,Fouls drawn,Plus/Minus,Age,Taille en cm,Pays d'origine,Seconds,Player_id
0,Aaron Wheeler,Cholet Basket,4,17:54,7.5,0.94,3.0,5.5,54.6,0.8,1.8,42.9,0.8,1.8,42.9,4.8,2.0,2.8,0.8,0.5,1.8,0.8,2.5,1.3,1.0,26,206,United States,1074.0,CB-0W
1,Abdoulaye Saadi N'Doye,Le Mans,7,24:48,4.1,0.44,1.7,6.6,26.1,0.1,2.1,6.7,0.6,0.7,80.0,3.9,0.9,3.0,4.9,1.1,2.4,0.3,2.3,1.4,1.0,26,195,France,1488.0,LM-1N
2,Admiral Schofield,ASVEL Lyon-Villeurbanne,6,14:03,7.7,1.39,2.5,4.5,55.6,1.8,3.3,55.0,0.8,1.2,71.4,2.0,0.0,2.0,0.7,0.2,0.5,0.3,2.7,1.2,3.2,27,197,United States,843.0,AL-2S
4,Adrian Nelson,JL Bourg-en-Bresse,11,21:41,8.3,0.97,2.7,6.9,39.5,1.1,3.5,31.6,1.7,2.1,82.6,4.3,1.2,3.1,0.6,1.0,0.7,0.2,2.1,1.6,-0.7,24,198,United States,1301.0,JB-4N
7,Ahmad Caver,Nanterre 92,11,26:47,11.9,0.98,4.3,9.9,43.1,1.0,3.8,26.2,2.4,2.6,92.9,2.6,0.9,1.7,2.6,1.7,1.2,0.4,2.7,3.0,2.4,28,188,United States,1607.0,N9-7C
0,Akram Naji,Chalon Saone,4,03:02,0.8,0.77,0.3,0.5,50.0,0.0,0.0,,0.3,0.5,50.0,0.0,0.0,0.0,0.0,0.0,0.3,0.0,0.8,0.3,-1.7,17,190,France,182.0,CS-0N
21,Alexandre Bouzidi,CSP Limoges,7,04:23,0.6,0.29,0.0,1.0,,0.0,0.6,,0.6,0.9,66.7,0.6,0.1,0.4,0.6,0.0,0.6,0.0,0.7,0.4,1.4,20,197,France,263.0,CL-21B
11,Alexandre Pierre Louis Chassang,CSP Limoges,11,25:18,8.6,0.82,3.5,7.8,44.2,0.6,2.3,24.0,1.1,2.1,52.2,5.3,1.5,3.8,2.5,0.6,1.6,0.5,2.6,2.2,-0.4,30,204,France,1518.0,CL-11C
72,Allan Dokossi,JDA Dijon Basket,9,18:41,7.3,1.15,3.1,4.4,70.0,0.0,0.3,,1.1,2.1,52.6,5.9,2.3,3.6,1.3,0.4,1.0,0.8,2.2,1.8,-4.1,24,203,Central Africa,1121.0,JDB-72D
11,Alpha Diallo,AS Monaco Basket,7,25:52,13.0,1.17,4.7,8.4,55.9,0.4,1.9,23.1,3.1,5.1,61.1,5.0,1.4,3.6,2.1,1.0,0.4,0.3,2.6,4.6,8.3,27,201,United States,1552.0,AMB-11D
21,Andre Roberson,ASVEL Lyon-Villeurbanne,9,22:56,11.7,1.12,4.3,7.8,55.7,1.3,2.7,50.0,1.7,2.2,75.0,5.8,1.3,4.4,2.3,1.4,1.7,0.8,3.0,2.2,8.7,33,200,United States,1376.0,AL-21R
6,Antony Labanca,SLUC Nancy Basket,11,22:51,7.0,0.91,2.6,6.3,42.0,1.4,4.2,32.6,0.4,0.6,66.7,0.6,0.3,0.3,2.4,0.5,1.2,0.0,2.1,0.4,-4.5,30,185,France,1371.0,SNB-6L
83,Axel Philippe Jean Julien,JDA Dijon Basket,10,24:00,6.6,0.82,2.1,5.0,42.0,0.8,2.8,28.6,1.6,1.8,88.9,2.5,0.1,2.4,5.3,1.0,2.3,0.2,1.9,3.2,0.3,32,184,France,1440.0,JDB-83J
5,Bandja Sy,Paris Basketball,9,16:09,5.2,0.99,1.7,3.1,53.6,0.8,2.0,38.9,1.1,1.7,66.7,2.4,0.9,1.6,1.1,0.3,1.4,0.7,2.2,1.4,2.7,34,203,"France, Mali",969.0,PB-5S
32,Bastien Vautier,Cholet Basket,10,21:00,11.2,1.16,4.4,7.0,62.9,0.0,0.0,,2.4,3.4,70.6,4.7,1.4,3.3,1.9,0.3,1.2,0.4,2.7,3.4,3.2,26,210,France,1260.0,CB-32V
8,Benjamin Sene,Nanterre 92,11,27:09,13.3,1.03,5.0,10.5,47.8,1.7,3.8,45.2,1.6,1.7,89.5,2.2,0.4,1.8,3.9,0.8,1.7,0.0,2.5,2.7,5.6,30,184,France,1629.0,N9-8S
24,Billy Yakuba Ouattara,Paris Basketball,11,15:56,7.2,1.02,2.6,5.6,45.2,0.9,3.1,29.4,1.2,1.6,76.5,1.7,1.0,0.7,0.9,0.3,0.7,0.1,1.1,1.4,2.6,32,191,France,956.0,PB-24O
11,Boris Bourichon,La Rochelle Rupella,4,04:03,1.0,1.64,0.5,0.5,100.0,0.0,0.0,,0.0,0.3,,1.3,0.3,1.0,0.0,0.8,0.0,0.0,0.5,0.3,3.5,20,188,France,243.0,LRR-11B
77,Boris Dallo,Cholet Basket,2,08:58,3.0,0.86,1.0,2.5,40.0,1.0,1.5,66.7,0.0,0.0,,1.5,0.0,1.5,1.5,0.0,1.0,0.0,1.0,0.5,3.0,30,196,France,538.0,CB-77D
33,Brandon Paul,JL Bourg-en-Bresse,10,14:31,6.8,0.96,1.9,5.6,33.9,1.2,4.1,29.3,1.8,2.2,81.8,1.6,0.2,1.4,0.7,0.5,0.5,0.1,2.2,1.9,2.3,33,193,United States,871.0,JB-33P
13,Brice Dessert,SIG Strasbourg,11,19:28,11.0,1.17,4.6,6.4,72.9,0.0,0.0,,1.7,3.3,52.8,5.8,2.1,3.7,0.5,0.1,1.6,1.3,2.6,2.9,-3.4,21,207,France,1168.0,SS-13D
15,C.J. Kelly,ESSM Le Portel,8,11:25,1.9,0.54,0.5,2.3,22.2,0.1,1.0,12.5,0.8,1.1,66.7,1.1,0.1,1.0,1.3,0.5,0.8,0.1,1.6,1.3,-8.0,26,196,United States,685.0,ELP-15K
5,Caleb Walker,SLUC Nancy Basket,10,26:43,14.1,1.2,5.4,8.8,61.4,1.4,3.2,43.8,1.9,3.5,54.3,2.8,0.5,2.3,3.0,1.6,1.4,0.0,1.8,3.4,-3.2,34,193,United States,1603.0,SNB-5W
5,Charles Lombahe Kahudi,ASVEL Lyon-Villeurbanne,6,14:20,4.5,1.07,1.5,3.3,45.0,0.8,2.2,38.5,0.7,0.8,80.0,0.8,0.2,0.7,0.5,0.5,0.5,0.0,0.8,1.3,2.2,38,197,France,860.0,AL-5K
19,Chris Babb,BCM Gravelines-Dunkerque,10,27:07,15.3,1.27,4.0,9.2,43.5,3.2,7.0,45.7,4.1,4.4,93.2,2.0,0.2,1.8,1.6,0.5,0.9,0.0,1.8,4.0,0.5,34,198,United States,1627.0,BG-19B
3,Chris Clemons,SLUC Nancy Basket,9,28:06,15.2,0.84,4.9,13.7,35.8,2.6,8.1,31.5,2.9,3.4,83.9,3.1,0.2,2.9,3.0,0.9,3.0,0.0,2.2,4.8,-1.2,27,177,United States,1686.0,SNB-3C
25,Chris-Ebou Ndow,Cholet Basket,9,21:09,7.4,1.03,3.0,6.0,50.0,0.8,2.6,30.4,0.7,1.0,66.7,5.1,1.9,3.2,0.2,0.8,0.8,0.2,2.8,1.6,3.6,30,201,Norway,1269.0,CB-25N
43,Christian Sengfelder,JDA Dijon Basket,10,19:23,9.7,1.01,3.8,7.5,50.7,0.9,2.0,45.0,1.2,1.7,70.6,3.6,1.3,2.3,0.4,0.3,1.4,0.2,2.9,1.9,-7.8,29,202,Germany,1163.0,JDB-43S
2,Christopher Ebunangombe,ESSM Le Portel,1,02:21,0.0,0.0,0.0,1.0,,0.0,0.0,,0.0,0.0,,0.0,0.0,0.0,1.0,0.0,0.0,0.0,0.0,0.0,4.0,17,194,France,141.0,ELP-2E
7,Clarence Fondeur-Massamba,AS Monaco Basket,3,01:37,1.7,0.85,0.3,1.0,33.3,0.3,1.0,33.3,0.7,0.7,100.0,0.3,0.0,0.3,0.3,0.0,0.7,0.0,0.0,0.3,1.7,19,197,France,97.0,AMB-7F
7,Clement Frisch,SLUC Nancy Basket,11,26:18,10.9,0.94,4.3,9.7,43.9,1.6,4.0,40.9,0.7,1.4,53.3,5.3,1.3,4.0,2.1,1.5,1.3,0.6,2.3,1.7,-0.4,22,201,France,1578.0,SNB-7F
2,Cleveland Hubert Melvin III,Cholet Basket,10,22:14,8.6,1.06,3.4,7.3,46.6,1.7,4.8,35.4,0.1,0.2,50.0,2.8,0.6,2.2,0.9,0.5,0.7,0.0,1.6,0.6,6.5,33,203,United States,1334.0,CB-2I
21,Clifton Moore,La Rochelle Rupella,11,19:12,10.7,1.31,4.4,6.2,70.6,0.3,0.6,42.9,1.7,2.6,67.9,3.4,1.2,2.2,0.2,0.3,0.9,0.6,2.0,1.9,-3.2,25,208,United States,1152.0,LRR-21M
1,Collin MALCOLM,Paris Basketball,10,20:38,11.1,1.14,3.8,8.3,45.8,1.6,4.5,35.6,1.9,2.4,79.2,3.7,1.2,2.5,1.4,0.5,0.4,0.2,1.2,1.9,6.2,27,201,United States,1238.0,PB-1M
34,David DiLeo,Le Mans,11,26:05,10.1,1.01,3.3,8.6,38.3,2.1,6.1,34.3,1.5,1.6,94.1,3.9,0.9,3.0,0.8,1.2,0.7,0.0,2.2,1.8,1.6,27,203,United States,1565.0,LM-34D
11,David Holston,JDA Dijon Basket,10,26:27,14.1,1.03,4.5,9.9,45.5,2.6,6.2,41.9,2.5,2.7,92.6,2.1,0.4,1.7,6.2,1.1,2.6,0.0,2.6,3.2,-3.9,38,167,United States,1587.0,JDB-11H
23,David Lighty,ASVEL Lyon-Villeurbanne,9,21:04,4.7,0.87,1.8,4.6,39.0,0.6,2.7,20.8,0.6,0.6,100.0,2.3,0.1,2.2,1.7,1.0,0.6,0.0,2.0,1.3,-0.1,36,197,United States,1264.0,AL-23L
4,Deandre Gholston,ESSM Le Portel,11,27:10,13.6,0.88,4.8,11.8,40.8,1.6,4.8,32.1,2.5,2.8,87.1,3.7,0.3,3.5,1.2,1.2,2.5,0.3,2.6,3.0,-6.2,24,195,United States,1630.0,ELP-4G
1,DeAndre Pinckney,ESSM Le Portel,5,20:18,7.4,0.85,2.6,6.2,41.9,0.6,2.4,25.0,1.6,2.4,66.7,4.6,1.8,2.8,1.0,0.6,1.4,0.0,2.8,1.6,-9.4,24,202,United States,1218.0,ELP-1P
1,Deondre Burns,ESSM Le Portel,1,20:16,6.0,0.77,1.0,4.0,25.0,1.0,1.0,100.0,3.0,4.0,75.0,2.0,0.0,2.0,1.0,1.0,2.0,0.0,3.0,5.0,-19.0,27,188,United States,1216.0,ELP-1B
23,Desi Rodriguez,Nanterre 92,11,27:50,11.7,0.91,4.9,9.5,51.9,0.6,2.3,24.0,1.4,2.0,68.2,4.7,1.5,3.3,3.4,1.9,2.6,0.4,1.6,2.8,-0.9,28,198,United States,1670.0,N9-23R
15,Devin Oliver,SLUC Nancy Basket,1,16:21,1.0,0.27,0.0,1.0,,0.0,1.0,,1.0,4.0,25.0,2.0,0.0,2.0,1.0,1.0,1.0,0.0,3.0,2.0,-7.0,32,203,United States,981.0,SNB-15O
7,Digue Diawara,ESSM Le Portel,11,26:43,11.3,1.05,3.9,8.5,46.2,1.5,3.4,43.2,2.0,2.4,84.6,4.4,0.7,3.6,0.9,0.9,1.3,0.4,2.0,2.2,-5.6,26,207,France,1603.0,ELP-7D
5,Dominic Artis,SIG Strasbourg,10,29:10,16.4,0.98,5.7,12.7,44.9,2.2,6.5,33.9,2.8,3.6,77.8,2.9,0.4,2.5,3.3,1.5,2.5,0.2,2.3,3.3,1.6,31,191,United States,1750.0,SS-5A
13,Dominik Olejniczak,Saint-Quentin,10,23:05,11.0,1.08,4.5,7.9,57.0,0.0,0.0,,2.0,2.4,83.3,7.6,3.6,4.0,1.1,0.8,1.2,0.5,2.2,2.3,-0.9,28,213,Poland,1385.0,S-13O
20,Donatas Motiejunas,AS Monaco Basket,8,14:10,6.3,1.04,2.5,3.8,66.7,0.0,0.4,,1.3,2.0,62.5,2.3,0.5,1.8,1.8,0.9,1.4,0.5,2.0,2.4,2.6,34,213,Lithuania,850.0,AMB-20M
14,Dusan Ristic,Chalon Saone,11,27:09,13.3,1.21,5.2,9.1,57.0,1.7,3.6,47.5,1.2,1.5,81.3,5.7,2.1,3.6,0.7,0.4,1.3,0.5,2.1,1.7,-6.7,29,214,Serbia-Montenegro,1629.0,CS-14R
21,Edon Maxhuni,SIG Strasbourg,8,24:02,10.9,0.78,3.5,10.6,32.9,2.0,5.1,39.0,1.9,2.1,88.2,1.4,0.4,1.0,3.5,0.6,2.4,0.0,2.6,1.5,-1.0,26,188,Finland,1442.0,SS-21M
11,Edwin Jackson,ASVEL Lyon-Villeurbanne,6,24:26,11.2,1.21,3.5,6.7,52.5,2.0,4.5,44.4,2.2,2.5,86.7,2.2,0.2,2.0,1.2,0.3,1.5,0.3,2.2,2.3,2.3,35,190,France,1466.0,AL-11J
0,Elie Okobo,AS Monaco Basket,10,25:02,13.1,0.93,4.0,10.0,40.0,1.0,4.0,25.0,4.1,4.7,87.2,2.4,0.4,2.0,4.4,0.5,2.0,0.3,3.0,4.4,-0.6,27,191,France,1502.0,AMB-0O
26,Enzo Goudou-Sinha,Saint-Quentin,11,22:15,13.0,1.16,4.3,8.6,49.5,2.7,6.2,44.1,1.7,2.0,86.4,1.8,0.7,1.1,2.6,0.4,1.7,0.0,2.8,4.4,-1.4,26,182,France,1335.0,S-26G
18,Enzo Shahrvin,Paris Basketball,10,12:08,2.6,0.77,1.3,1.7,76.5,0.0,0.0,,0.0,0.4,,4.5,2.1,2.4,0.6,0.1,1.5,0.6,1.8,0.4,4.8,21,200,France,728.0,PB-18S
10,Evan Boisdur,BCM Gravelines-Dunkerque,5,09:33,1.8,0.61,0.6,1.8,33.3,0.0,0.4,,0.6,1.2,50.0,0.6,0.0,0.6,0.2,0.4,0.6,0.0,1.8,1.0,-2.6,19,182,France,573.0,BG-10B
6,Filip Kruslin,SIG Strasbourg,11,26:07,10.3,0.94,3.4,7.8,43.0,2.2,5.5,40.0,1.4,2.0,68.2,3.4,0.4,3.0,2.6,0.5,2.3,0.2,1.7,2.0,-0.4,35,199,Croatie,1567.0,SS-6K
13,Frank Jackson,Nanterre 92,8,21:50,11.6,0.88,3.6,10.4,34.9,1.9,5.8,32.6,2.5,3.1,80.0,1.6,0.8,0.9,0.9,0.5,1.5,0.0,3.3,3.0,-6.7,26,194,United States,1310.0,N9-13J
10,Furkan Korkmaz,AS Monaco Basket,3,18:12,4.3,0.58,1.7,5.7,29.4,0.7,3.7,18.2,0.3,1.0,33.3,1.3,0.3,1.0,0.7,0.3,1.3,0.0,1.7,2.0,2.7,27,197,Turkey,1092.0,AMB-10K
10,Gaetan Clerc,La Rochelle Rupella,11,17:39,3.8,0.73,1.1,4.2,26.1,0.8,2.9,28.1,0.8,0.9,90.0,1.4,0.3,1.1,1.2,1.1,0.6,0.0,2.5,0.9,-6.0,33,189,France,1059.0,LRR-10C
9,Gaetan Meyniel,ESSM Le Portel,11,14:07,1.8,0.51,0.7,1.8,40.0,0.0,0.6,,0.4,0.5,80.0,1.7,0.3,1.5,2.1,0.6,1.6,0.4,2.2,1.2,-2.6,24,189,France,847.0,ELP-9M
20,Gavin Ware,JDA Dijon Basket,10,15:51,7.0,1.16,3.2,5.3,60.4,0.0,0.2,,0.6,0.8,75.0,2.7,0.9,1.8,0.6,0.3,0.4,0.2,2.7,1.2,3.0,31,206,United States,951.0,JDB-20W
9,Georgios Papagiannis,AS Monaco Basket,10,17:47,5.1,0.87,2.2,5.0,44.0,0.6,1.9,31.6,0.1,0.2,50.0,4.6,1.5,3.1,0.3,0.4,0.8,1.7,2.1,0.5,0.1,27,220,Greece,1067.0,AMB-9P
11,Gerald Ayayi,Cholet Basket,10,21:34,9.1,0.84,3.1,6.3,49.2,0.7,1.9,36.8,2.2,3.0,73.3,3.2,0.8,2.4,2.0,1.0,3.2,0.1,1.8,3.7,6.5,23,188,France,1294.0,CB-11A
9,Giorgi Bezhanishvili,BCM Gravelines-Dunkerque,11,21:05,8.3,0.96,3.4,6.4,52.9,0.2,0.7,25.0,1.4,2.3,60.0,3.1,1.2,1.9,0.6,0.6,1.3,0.2,2.1,2.0,-4.8,26,208,Austria,1265.0,BG-9B
4,Giovan Oniangue,Saint-Quentin,11,27:49,8.8,0.93,2.9,7.9,36.8,2.0,6.3,31.9,1.0,1.3,78.6,2.3,0.5,1.8,0.6,0.8,1.0,0.2,1.8,2.0,-2.7,33,196,Republic of the Congo,1669.0,S-4O
5,Glynn Watson Jr,BCM Gravelines-Dunkerque,10,30:23,14.6,0.93,5.5,12.4,44.4,1.4,4.1,34.2,2.2,2.9,75.9,3.4,0.6,2.8,3.9,1.9,2.1,0.1,3.1,4.4,-2.0,27,185,United States,1823.0,BG-5J
15,Gregor Hrovat,JDA Dijon Basket,3,25:17,8.3,0.76,2.3,7.3,31.8,0.3,4.3,7.7,3.3,4.3,76.9,4.0,0.3,3.7,2.0,1.7,1.7,0.0,2.3,3.3,4.7,30,196,Slovenia,1517.0,JDB-15H
5,Hugo Benitez,JL Bourg-en-Bresse,11,22:26,7.9,0.92,3.0,6.9,43.4,0.6,2.3,28.0,1.3,1.6,82.4,2.6,1.0,1.6,4.1,0.9,1.0,0.2,2.4,2.1,1.2,23,192,France,1346.0,JB-5B
10,Hugo Invernizzi,SIG Strasbourg,11,26:03,6.5,1.01,2.1,5.1,41.1,1.5,3.6,40.0,0.8,1.1,75.0,5.5,0.7,4.7,2.3,0.7,0.8,0.4,2.3,1.8,-0.4,31,198,France,1563.0,SS-10I
23,Hugo Mienandi,Le Mans,4,03:31,0.0,0.0,0.0,0.5,,0.0,0.0,,0.0,0.0,,0.0,0.0,0.0,0.0,0.0,0.0,0.0,0.3,0.0,-2.5,21,200,France,211.0,LM-23M
3,Hunter Cattoor,BCM Gravelines-Dunkerque,6,21:43,7.2,1.03,2.5,6.2,40.5,1.5,4.7,32.1,0.7,0.7,100.0,1.5,0.3,1.2,0.8,0.5,0.5,0.0,1.8,1.7,6.7,24,190,United States,1303.0,BG-3C
3,Idrissa Ba,ESSM Le Portel,10,05:29,1.5,1.16,0.7,1.0,70.0,0.0,0.0,,0.1,0.2,50.0,1.8,1.1,0.7,0.1,0.2,0.2,0.3,1.4,0.2,-1.0,22,213,Senegal,329.0,ELP-3B
19,Iliam Fevry,SLUC Nancy Basket,3,00:39,0.0,0.0,0.0,0.3,,0.0,0.0,,0.0,0.0,,0.0,0.0,0.0,0.0,0.0,0.0,0.0,0.0,0.0,-2.3,18,196,France,39.0,SNB-19F
9,Ilias Kamardine,JDA Dijon Basket,9,15:47,7.3,1.03,2.4,5.6,44.0,1.2,3.0,40.7,1.2,1.6,78.6,1.2,0.1,1.1,1.2,0.2,0.9,0.0,1.9,1.1,0.0,21,193,France,947.0,JDB-9K
30,Illan Pietrus,SIG Strasbourg,8,09:21,4.0,0.96,1.3,2.9,43.5,0.5,1.3,40.0,1.0,1.3,80.0,0.3,0.1,0.1,0.6,0.4,0.8,0.0,1.6,1.1,0.1,19,192,France,561.0,SS-30P
11,Isaiah Washington,SLUC Nancy Basket,11,20:39,10.3,0.92,3.9,8.8,44.3,1.6,4.5,34.7,0.9,1.1,83.3,1.9,0.5,1.5,2.8,0.4,1.8,0.0,1.1,1.7,-0.9,26,185,United States,1239.0,SNB-11W
23,Ivan Fevrier,ESSM Le Portel,11,27:47,11.6,0.9,3.9,9.3,42.2,1.0,3.0,33.3,2.8,4.3,66.0,3.9,0.8,3.1,1.9,0.6,1.7,0.0,1.1,3.4,-1.3,25,205,France,1667.0,ELP-23F
19,Izan Le Meut,ESSM Le Portel,2,02:09,0.0,0.0,0.0,0.0,,0.0,0.0,,0.0,0.0,,0.0,0.0,0.0,0.0,0.0,0.0,0.0,0.0,0.0,-2.0,20,210,France,129.0,ELP-19M
98,Jahel Trefle,SIG Strasbourg,3,01:13,0.7,1.39,0.3,0.3,100.0,0.0,0.0,,0.0,0.3,,0.0,0.0,0.0,0.0,0.0,0.0,0.0,0.0,0.3,-1.3,16,205,France,73.0,SS-98T
35,Jakub Niziol,La Rochelle Rupella,11,23:50,9.2,0.86,3.0,8.0,37.5,1.2,4.6,25.5,2.0,2.8,71.0,2.7,0.2,2.6,1.6,0.6,1.5,0.1,2.4,2.3,-10.4,28,201,Poland,1430.0,LRR-35N
2,Jamel Morris,Chalon Saone,10,25:44,10.2,0.83,3.6,9.6,37.5,1.6,4.7,34.0,1.4,2.0,70.0,1.6,0.3,1.3,2.3,0.5,1.8,0.1,3.2,2.3,-3.2,32,193,United States,1544.0,CS-2M
8,Jamuni McNeace,Cholet Basket,10,16:20,7.0,1.16,3.0,4.5,66.7,0.0,0.0,,1.0,2.1,47.6,2.9,0.7,2.2,0.6,0.8,0.6,0.8,2.5,1.6,9.6,28,208,United States,980.0,CB-8M
4,Jaron Blossomgame,AS Monaco Basket,11,22:27,8.9,1.11,3.2,6.2,51.5,0.7,2.6,28.6,1.8,2.8,64.5,3.4,1.3,2.1,0.5,0.5,0.6,0.6,2.0,2.8,0.1,31,201,United States,1347.0,AMB-4B
23,Jean-Baptiste Maille,SIG Strasbourg,11,18:56,4.4,1.05,1.4,1.9,71.4,0.4,0.6,66.7,1.3,1.4,93.3,3.3,1.4,1.9,3.9,0.8,1.6,0.0,2.6,2.6,0.6,31,190,France,1136.0,SS-23M
27,Jean-Marc Pansa,JL Bourg-en-Bresse,10,17:38,8.1,0.99,3.1,5.0,62.0,0.0,0.0,,1.9,3.2,59.4,5.0,2.7,2.3,0.4,0.7,1.8,0.7,2.9,2.2,-0.8,27,209,France,1058.0,JB-27P
77,Jean-Philippe Dally,JDA Dijon Basket,7,07:52,3.3,1.1,0.9,2.0,42.9,0.3,0.9,33.3,1.3,1.3,100.0,1.1,0.0,1.1,0.1,0.3,0.4,0.0,1.0,0.7,2.9,28,199,France,472.0,JDB-77D
9,Jeff Roberson,SIG Strasbourg,11,15:30,5.0,0.83,1.6,4.3,38.3,0.5,2.2,20.8,1.3,1.5,87.5,2.3,0.5,1.8,0.5,0.6,1.1,0.1,2.7,1.4,-1.9,28,198,United States,930.0,SS-9R
8,Jeremiah Hill,Chalon Saone,11,28:23,12.0,0.9,4.2,9.7,43.0,1.6,5.7,27.0,2.1,2.6,82.1,3.6,0.6,3.1,5.1,1.4,2.5,0.1,2.7,3.8,0.4,29,188,United States,1703.0,CS-8H
9,Jerome Robinson,Saint-Quentin,11,25:04,14.6,1.02,4.1,9.6,42.5,2.1,5.2,40.4,4.4,4.6,94.1,2.9,0.6,2.4,2.5,0.9,2.6,0.4,3.0,3.6,-1.3,27,196,United States,1504.0,S-9R
5,Jerome Sanchez,La Rochelle Rupella,11,13:59,2.5,0.75,0.7,2.2,33.3,0.0,0.8,,1.0,1.3,78.6,2.0,0.3,1.7,0.8,0.3,0.6,0.1,1.0,1.1,-4.8,34,200,France,839.0,LRR-5S
10,Jess Esso Essis,ESSM Le Portel,3,03:58,1.3,1.0,0.7,1.3,50.0,0.0,0.7,,0.0,0.0,,0.3,0.0,0.3,0.0,0.0,0.0,0.0,0.7,0.0,3.0,19,206,France,238.0,ELP-10E
11,Joel Ayayi,JL Bourg-en-Bresse,11,18:18,7.9,0.93,2.6,5.3,50.0,0.6,1.3,42.9,2.1,2.6,79.3,3.9,1.1,2.8,3.5,1.3,2.1,0.2,2.6,1.9,5.4,24,193,France,1098.0,JB-11A
7,Joffrey Lauvergne,ASVEL Lyon-Villeurbanne,10,20:21,13.9,1.26,5.0,7.8,64.1,0.4,1.2,33.3,3.5,4.3,81.4,4.4,1.0,3.4,1.1,0.2,1.3,0.0,2.1,4.1,5.0,33,211,France,1221.0,AL-7L
24,John Richard Nunge,ESSM Le Portel,11,25:42,11.0,1.12,4.1,7.5,54.9,0.9,2.6,34.5,1.9,2.0,95.5,5.7,2.3,3.5,2.0,0.8,1.5,1.5,2.4,1.9,-2.9,25,210,United States,1542.0,ELP-24N
8,Jordan Loyd,AS Monaco Basket,6,24:52,13.7,1.23,4.3,7.7,56.5,2.3,4.5,51.9,2.7,2.8,94.1,3.3,0.5,2.8,2.3,1.2,2.2,0.0,2.7,3.0,5.8,31,193,United States,1492.0,AMB-8L
8,Jordan Usher,JL Bourg-en-Bresse,11,23:54,11.1,1.1,4.1,8.1,50.6,1.4,3.4,40.5,1.6,2.1,73.9,2.4,0.5,1.9,1.5,1.1,1.1,0.2,1.7,1.9,2.1,26,200,United States,1434.0,JB-8U
1,Joshiko Jorg Saibou,La Rochelle Rupella,2,15:13,7.5,0.89,2.5,6.0,41.7,1.0,2.5,40.0,1.5,2.0,75.0,0.5,0.0,0.5,0.5,0.0,1.5,0.0,3.5,2.0,-13.0,34,188,Germany,913.0,LRR-1S
8,Joshua Obiesie,JDA Dijon Basket,7,17:39,5.6,0.75,1.9,5.9,31.7,0.6,1.9,30.8,1.3,1.3,100.0,3.0,0.9,2.1,0.7,0.3,1.0,0.4,2.9,1.4,-3.6,24,198,Germany,1059.0,JDB-8O
13,Jubrile Belo-Osagie,La Rochelle Rupella,11,26:08,11.6,1.11,3.7,6.6,56.2,0.0,0.1,,4.1,5.1,80.4,5.6,0.9,4.6,0.5,1.2,1.6,0.6,2.5,4.4,-13.6,26,204,United-Kingdom,1568.0,LRR-13B
23,Juhann Mathieu Begarin,AS Monaco Basket,5,11:43,4.2,0.9,1.2,3.4,35.3,0.8,1.6,50.0,1.0,2.0,50.0,1.2,0.4,0.8,0.2,0.6,0.4,0.6,0.4,1.0,-2.0,22,196,France,703.0,AMB-23B
1,Justin Tillman,Nanterre 92,11,17:52,12.1,1.16,4.8,8.5,57.0,0.7,1.6,44.4,1.7,2.3,76.0,4.0,2.0,2.0,0.4,0.6,1.0,0.3,2.4,2.1,-3.6,28,203,United States,1072.0,N9-1T
39,Kenny Baptiste,CSP Limoges,11,25:49,8.5,1.02,3.5,6.5,53.5,0.5,1.3,35.7,1.1,1.7,63.2,4.3,1.4,2.9,1.6,1.2,1.1,0.9,2.7,2.1,-2.9,24,205,France,1549.0,CL-39B
13,Kevarrius Hayes,Paris Basketball,9,17:03,6.7,1.11,2.8,3.7,75.8,0.0,0.0,,1.1,1.6,71.4,5.7,1.9,3.8,0.8,0.6,1.7,1.0,2.4,1.6,9.4,27,206,United States,1023.0,PB-13H
34,Kevin Kokila,JL Bourg-en-Bresse,11,18:16,6.8,1.05,2.1,3.8,54.8,0.0,0.0,,2.6,3.5,76.3,4.4,1.9,2.5,0.6,0.6,1.2,0.5,4.0,3.0,2.4,23,204,France,1096.0,JB-34K
12,Khalid Moore,Saint-Quentin,11,22:47,6.5,1.01,2.4,4.5,53.1,0.6,1.7,36.8,1.1,1.3,85.7,5.6,1.0,4.6,0.9,0.6,1.4,0.1,2.5,1.0,-2.8,24,197,United States,1367.0,S-12M
66,Kristers Zoriks,ESSM Le Portel,11,29:15,11.2,0.92,3.6,8.6,41.1,1.7,5.1,33.9,2.4,2.7,86.7,2.4,0.6,1.8,3.0,0.4,2.4,0.0,2.9,3.6,-3.5,26,195,Latvia,1755.0,ELP-66Z
7,Kyler Edwards,JDA Dijon Basket,8,24:58,8.9,0.97,2.6,7.5,35.0,1.5,5.0,30.0,2.1,2.6,81.0,3.0,0.9,2.1,1.4,1.1,0.5,0.4,2.5,2.0,-11.4,25,193,United States,1498.0,JDB-7E
5,Lahaou Konate,ESSM Le Portel,11,22:43,4.5,0.83,1.6,4.3,38.3,0.8,2.5,33.3,0.4,0.4,100.0,2.2,0.9,1.3,0.8,1.1,0.9,0.2,1.8,0.9,-1.7,33,196,France,1363.0,ELP-5K
8,Leon Kratzer,Paris Basketball,2,13:00,1.0,0.5,0.5,2.0,25.0,0.0,0.0,,0.0,0.0,,6.0,1.5,4.5,1.0,0.5,0.0,0.0,3.0,0.5,4.0,27,211,Germany,780.0,PB-8K
9,Leon Sifferlin,JL Bourg-en-Bresse,1,00:34,0.0,0.0,0.0,0.0,,0.0,0.0,,0.0,0.0,,0.0,0.0,0.0,0.0,0.0,0.0,0.0,0.0,0.0,0.0,18,196,France,34.0,JB-9S
4,Leopold Cavaliere,Paris Basketball,11,17:59,5.8,1.34,2.4,2.9,81.3,0.4,0.6,57.1,0.7,1.2,61.5,5.3,2.4,2.9,1.4,0.6,0.9,0.1,2.4,1.3,3.6,28,202,France,1079.0,PB-4C
9,Leopold Delaunay,Le Mans,11,19:50,7.6,0.96,2.6,5.6,45.2,0.4,1.6,23.5,2.2,2.4,92.3,5.0,1.1,3.9,3.1,0.6,1.3,0.0,2.2,2.2,1.7,23,193,France,1190.0,LM-9D
13,Lionel Gaudoux,Chalon Saone,11,25:38,11.2,0.96,4.7,8.2,57.8,0.2,0.3,66.7,1.6,2.8,54.8,5.3,2.1,3.2,1.7,1.2,2.3,0.4,2.3,2.4,-1.6,29,198,France,1538.0,CS-13G
0,Loic Schwartz,Saint-Quentin,6,13:15,3.0,0.6,0.7,3.8,17.4,0.5,3.3,15.0,1.2,1.2,100.0,1.7,0.3,1.3,0.8,0.2,0.7,0.2,1.8,1.5,-4.2,32,198,Belgium,795.0,S-0S
10,Lois Grasshoff,Le Mans,1,00:12,0.0,0.0,0.0,0.0,,0.0,0.0,,0.0,0.0,,0.0,0.0,0.0,0.0,0.0,0.0,0.0,1.0,0.0,0.0,20,199,France,12.0,LM-10G
2,Lucas Beaufort,CSP Limoges,11,21:55,6.3,0.86,2.2,5.0,43.6,0.6,1.2,53.9,1.3,1.6,77.8,2.6,0.5,2.1,3.3,0.7,1.6,0.2,2.1,1.6,0.4,22,192,France,1315.0,CL-2B
10,Lucas Boucaud,Saint-Quentin,7,12:14,3.7,0.63,1.4,3.7,38.5,0.3,1.0,28.6,0.6,1.3,44.4,0.9,0.1,0.7,2.0,0.6,1.6,0.0,2.0,1.3,-1.0,24,188,France,734.0,S-10B
22,Lucas Dussoulier,Nanterre 92,11,23:37,7.7,1.25,2.6,4.9,53.7,1.3,3.0,42.4,1.2,1.5,81.3,3.7,1.0,2.7,0.9,0.5,0.6,0.5,2.9,1.2,-1.5,28,200,France,1417.0,N9-22D
0,Lucas Fischer,Nanterre 92,11,07:53,0.7,0.45,0.4,1.0,36.4,0.0,0.1,,0.0,0.2,,0.6,0.1,0.6,0.6,0.5,0.6,0.3,2.5,0.6,0.6,20,193,France,473.0,N9-0F
69,Lucas Hergott,La Rochelle Rupella,11,18:17,3.9,0.81,1.1,2.3,48.0,0.0,0.3,,1.7,2.6,67.9,1.6,0.3,1.3,2.4,0.5,1.5,0.0,2.1,2.7,-7.8,26,200,France,1097.0,LRR-69H
3,Maksim Salash,JL Bourg-en-Bresse,10,21:06,10.1,1.05,2.7,6.6,40.9,0.4,2.1,19.1,4.3,5.3,81.1,5.4,1.1,4.3,1.1,0.3,0.7,0.4,2.1,3.7,8.3,28,207,Belarus,1266.0,JB-3S
97,Malcom Cazalon,SIG Strasbourg,1,17:55,8.0,1.36,2.0,4.0,50.0,2.0,4.0,50.0,2.0,2.0,100.0,2.0,0.0,2.0,0.0,1.0,1.0,0.0,1.0,1.0,0.0,23,198,France,1075.0,SS-97C
24,Malik Fitts,SIG Strasbourg,8,18:46,9.5,1.03,4.0,8.0,50.0,1.4,3.5,39.3,0.1,0.5,25.0,3.0,0.9,2.1,0.9,1.0,1.0,0.0,1.8,1.0,0.1,27,203,United States,1126.0,SS-24F
10,Malik Osborne,CSP Limoges,11,12:19,2.7,0.68,1.0,3.0,33.3,0.1,1.2,7.7,0.6,0.9,70.0,2.7,0.9,1.8,0.4,0.6,0.6,0.3,1.1,0.9,-1.8,26,205,United States,739.0,CL-10O
32,Mamadou Guisse,CSP Limoges,11,13:56,4.3,0.85,1.6,3.6,42.5,0.1,0.6,14.3,1.1,1.7,63.2,1.4,0.6,0.8,0.8,0.3,0.6,0.0,2.2,1.7,-3.4,22,197,France,836.0,CL-32G
12,Maodo Lo,Paris Basketball,8,18:49,7.9,0.77,3.1,8.3,37.9,1.3,4.9,25.6,0.4,0.5,75.0,1.6,0.5,1.1,3.5,0.8,1.8,0.0,1.9,0.9,0.1,31,192,Germany,1129.0,PB-12L
14,Marcus Santos-Silva,Saint-Quentin,11,12:04,3.2,0.77,1.4,2.6,51.7,0.0,0.0,,0.5,0.7,62.5,3.6,1.6,2.0,0.3,0.6,1.2,0.5,2.2,1.2,-2.8,27,201,United States,724.0,S-14S
1,Markis McDuffie,JDA Dijon Basket,9,26:51,11.6,0.94,4.2,9.8,43.2,1.0,3.4,29.0,2.1,2.6,82.6,4.7,1.2,3.4,1.0,0.8,1.3,0.2,2.2,2.1,-1.6,27,203,United States,1611.0,JDB-1M
20,Matheo Leray,La Rochelle Rupella,8,24:22,5.6,0.67,1.9,5.1,36.6,0.9,2.8,31.8,1.0,1.6,61.5,2.6,0.1,2.5,4.4,1.6,2.5,0.0,1.9,3.6,-9.1,21,190,France,1462.0,LRR-20L
11,Mathieu Boyer,ESSM Le Portel,8,09:51,3.4,0.9,1.3,2.5,50.0,0.0,0.0,,0.9,1.4,63.6,2.3,0.6,1.6,0.5,0.1,0.6,0.0,1.3,1.6,-6.6,29,205,France,591.0,ELP-11B
32,Matthew Strazel,AS Monaco Basket,10,26:14,11.1,0.87,3.8,9.1,41.8,1.4,4.1,34.2,2.1,2.7,77.8,1.5,0.4,1.1,4.4,0.8,2.4,0.0,2.1,2.8,7.9,22,182,France,1574.0,AMB-32S
2,Matthieu Gauzin,SLUC Nancy Basket,11,13:53,4.0,0.76,1.5,3.9,37.2,0.3,1.4,20.0,0.8,1.0,81.8,1.1,0.6,0.6,0.9,0.5,0.9,0.1,2.6,0.9,-1.2,23,192,France,833.0,SNB-2G
2,Maxence Lemoine,SIG Strasbourg,11,08:57,3.2,0.87,1.0,2.5,40.7,0.6,1.4,46.7,0.6,0.9,60.0,0.6,0.1,0.6,0.7,0.2,0.8,0.1,1.1,0.6,-5.2,17,187,France,537.0,SS-2L
7,Maxime Courby,JL Bourg-en-Bresse,8,15:06,2.8,1.0,0.8,1.6,46.2,0.6,1.4,45.5,0.6,0.9,71.4,2.0,0.5,1.5,0.8,0.1,0.8,0.1,1.0,0.5,-1.6,34,200,France,906.0,JB-7C
24,Mbaye Ndiaye,ASVEL Lyon-Villeurbanne,9,19:04,7.6,1.13,2.9,4.9,59.1,0.9,2.2,40.0,0.9,1.6,57.1,3.9,0.4,3.4,1.0,0.8,1.1,0.9,2.4,1.3,1.8,25,203,Senegal,1144.0,AL-24N
34,Mbiya Paul Kabenga,ASVEL Lyon-Villeurbanne,3,02:34,0.3,0.35,0.0,0.0,,0.0,0.0,,0.3,0.7,50.0,0.7,0.7,0.0,0.0,0.0,0.7,0.0,0.3,0.3,-1.0,19,211,Mozambique,154.0,AL-34K
5,Mehdy Ngouama,Le Mans,8,17:10,8.1,0.78,2.5,7.0,35.7,0.5,3.5,14.3,2.6,2.9,91.3,2.3,0.6,1.6,2.4,1.3,2.1,0.0,2.5,1.9,1.4,29,188,France,1030.0,LM-5N
17,Melvin PIerre Ajinca,ASVEL Lyon-Villeurbanne,4,20:30,6.8,0.86,2.0,7.3,27.6,2.0,6.3,32.0,0.8,0.8,100.0,2.5,1.0,1.5,0.8,0.8,0.3,0.0,1.5,1.3,9.3,20,203,France,1230.0,AL-17A
6,Michael Kessens,Paris Basketball,8,07:59,2.5,1.13,0.9,1.4,63.6,0.3,0.3,100.0,0.5,0.8,66.7,2.0,0.6,1.4,0.4,0.1,0.5,0.1,1.1,0.4,-1.9,33,205,Germany,479.0,PB-6K
21,Michael Stockton,Chalon Saone,4,25:45,8.3,0.86,2.5,5.0,50.0,1.0,2.3,44.4,2.3,2.5,90.0,2.3,0.5,1.8,3.3,3.0,3.5,0.0,2.8,3.3,-4.5,35,185,United States,1545.0,CS-21S
20,Mikael Jantunen,Paris Basketball,9,18:01,6.3,1.2,2.0,4.1,48.7,1.6,3.1,50.0,0.8,0.9,87.5,3.6,1.2,2.3,1.1,0.4,0.8,0.1,2.2,1.1,7.9,24,204,Finland,1081.0,PB-20J
55,Mike James,AS Monaco Basket,4,26:58,15.5,0.91,3.8,12.8,29.4,2.0,7.0,28.6,6.0,6.5,92.3,2.3,0.5,1.8,4.3,1.0,1.5,0.0,3.0,5.5,-3.5,34,185,United States,1618.0,AMB-55J
10,Milan Barbitch,Nanterre 92,10,18:24,9.2,1.03,2.8,6.0,46.7,0.6,1.5,40.0,3.0,3.4,88.2,2.6,0.6,2.0,2.8,0.5,1.4,0.0,2.0,3.4,-0.9,23,196,France,1104.0,N9-10B
3,Mohamed Diakite,Saint-Quentin,5,04:05,3.0,1.26,1.2,2.0,60.0,0.6,1.2,50.0,0.0,0.4,,0.6,0.0,0.6,0.0,0.0,0.2,0.0,0.8,0.2,2.6,18,205,France,245.0,S-3D
93,Mohamed Diarra,CSP Limoges,11,17:39,8.5,1.02,2.9,5.8,50.0,0.8,2.5,33.3,1.8,2.6,71.4,6.2,1.7,4.5,2.0,0.3,1.4,0.8,2.0,2.3,0.4,24,207,France,1059.0,CL-93D
12,Mohamed Diawara,Cholet Basket,10,19:49,6.7,1.05,2.5,4.9,51.0,0.9,2.4,37.5,0.8,1.6,50.0,2.3,0.6,1.7,1.5,1.0,0.8,0.1,2.2,1.4,6.2,19,204,France,1189.0,CB-12D
93,Mohamed Sankhe,Cholet Basket,4,01:19,0.0,0.0,0.0,0.5,,0.0,0.0,,0.0,0.0,,0.0,0.0,0.0,0.0,0.0,0.0,0.0,0.0,0.0,-1.5,18,205,France,79.0,CB-93S
9,Mohammad Amini,SLUC Nancy Basket,11,13:50,4.9,0.98,2.0,3.6,56.4,0.3,1.1,25.0,0.6,1.3,50.0,2.1,0.4,1.7,0.8,0.7,0.9,0.4,1.6,1.6,-0.7,19,198,France,830.0,SNB-9A
14,Mouhammadou Jaiteh,AS Monaco Basket,7,18:02,10.3,1.11,4.3,6.3,68.2,0.0,0.0,,1.7,2.9,60.0,7.7,2.7,5.0,0.4,0.9,1.7,0.3,2.3,3.4,4.7,30,211,France,1082.0,AMB-14J
12,Moussa Dicko,Nanterre 92,1,01:20,0.0,0.0,0.0,0.0,,0.0,0.0,,0.0,0.0,,0.0,0.0,0.0,0.0,0.0,0.0,0.0,1.0,0.0,0.0,20,195,France,80.0,N9-12D
2,Nadir Hifi,Paris Basketball,11,24:52,22.3,1.15,6.7,14.5,46.5,3.7,8.8,42.3,5.1,5.6,90.3,2.1,0.4,1.7,1.7,0.7,2.4,0.3,2.4,5.0,7.4,22,184,France,1492.0,PB-2H
12,Nando de Colo,ASVEL Lyon-Villeurbanne,10,21:20,11.2,0.99,3.1,6.9,44.9,1.4,3.6,38.9,3.6,3.8,94.7,0.8,0.0,0.8,4.3,0.7,2.7,0.0,2.3,2.6,8.8,37,196,France,1280.0,AL-12C
7,Nathan De Sousa,Cholet Basket,10,18:38,6.2,0.76,2.2,5.5,40.0,0.7,2.6,26.9,1.1,1.8,61.1,2.2,0.3,1.9,5.3,1.1,1.9,0.0,2.2,2.1,6.7,21,187,France,1118.0,CB-7S
80,Nathan Zulemie,Nanterre 92,1,00:46,0.0,0.0,0.0,0.0,,0.0,0.0,,0.0,0.0,,0.0,0.0,0.0,0.0,0.0,0.0,0.0,1.0,0.0,-3.0,20,175,France,46.0,N9-80Z
13,Neal Sako,ASVEL Lyon-Villeurbanne,9,22:01,5.8,0.95,2.2,3.7,60.6,0.0,0.0,,1.3,2.2,60.0,6.6,2.4,4.1,1.0,0.3,1.4,0.4,2.0,1.8,3.6,26,210,France,1321.0,AL-13S
20,Nemanja Nenadic,Chalon Saone,8,19:17,7.5,0.82,2.4,6.4,37.3,1.4,2.9,47.8,1.4,2.1,64.7,2.8,0.5,2.3,2.4,0.8,1.9,0.0,2.0,2.5,-5.6,30,197,Serbia,1157.0,CS-20N
33,Nick Calathes,AS Monaco Basket,1,26:22,5.0,0.56,2.0,6.0,33.3,1.0,4.0,25.0,0.0,0.0,,7.0,1.0,6.0,5.0,2.0,3.0,0.0,4.0,1.0,11.0,35,196,"Greece, United States",1582.0,AMB-33C
15,Nicolas Lang,CSP Limoges,11,33:29,18.3,1.14,5.6,12.6,44.2,3.2,6.9,46.1,4.0,4.6,88.0,2.2,0.0,2.2,3.3,0.1,1.6,0.0,2.3,4.0,-0.4,34,196,France,2009.0,CL-15L
24,Noah Badibanga,Chalon Saone,1,00:53,0.0,0.0,0.0,0.0,,0.0,0.0,,0.0,0.0,,0.0,0.0,0.0,0.0,0.0,0.0,0.0,1.0,0.0,0.0,18,200,France,53.0,CS-24B
22,Noah Kirkwood,Saint-Quentin,4,27:41,11.5,0.96,4.5,9.5,47.4,2.0,4.5,44.4,0.5,0.5,100.0,3.8,0.3,3.5,2.3,0.8,2.3,0.8,3.0,2.5,5.8,24,199,Canada,1661.0,S-22K
93,Noah Penda,Le Mans,11,27:04,11.0,0.94,3.6,8.5,43.0,1.3,3.4,37.8,2.5,3.7,65.9,5.6,2.1,3.6,2.2,1.3,1.6,1.4,2.3,2.4,-1.0,19,199,France,1624.0,LM-93P
0,Nolan Traore,Saint-Quentin,11,21:40,10.0,0.68,3.5,10.8,31.9,1.3,5.0,25.5,1.8,2.5,74.1,1.6,0.5,1.1,4.3,0.6,2.7,0.1,2.4,2.6,-0.1,18,191,France,1300.0,S-0T
7,Olivier Cortale,Chalon Saone,9,10:21,4.1,1.13,1.9,2.7,70.8,0.0,0.0,,0.3,0.7,50.0,2.4,1.0,1.4,0.3,0.3,0.7,0.1,1.4,1.2,-0.4,27,206,France,621.0,CS-7C
3,Paris Lee,ASVEL Lyon-Villeurbanne,7,25:22,9.7,1.05,2.9,7.1,40.0,1.9,5.1,36.1,2.1,2.6,83.3,2.7,0.6,2.1,4.1,0.6,1.0,0.0,1.3,3.1,7.0,29,183,United States,1522.0,AL-3L
6,Paul Lacombe,Nanterre 92,11,25:42,5.9,0.73,2.2,5.7,38.1,0.5,2.0,22.7,1.1,1.3,85.7,5.0,1.6,3.5,2.6,1.8,1.8,0.1,2.6,1.6,0.0,34,195,France,1542.0,N9-6L
12,Petr Cornelie,AS Monaco Basket,6,15:18,4.8,0.93,1.3,3.5,38.1,0.3,1.7,20.0,1.8,2.3,78.6,3.0,1.3,1.7,1.0,0.3,0.7,0.3,2.0,1.7,-0.7,29,211,France,918.0,AMB-12C
0,Phil Booth,JDA Dijon Basket,2,21:12,11.0,1.13,3.5,6.0,58.3,0.5,1.5,33.3,3.5,4.0,87.5,2.5,1.5,1.0,0.0,0.0,2.0,0.0,3.0,2.5,7.5,28,191,United States,1272.0,JDB-0B
6,Robin Ducote,JDA Dijon Basket,7,13:08,4.4,1.15,1.7,3.4,50.0,1.0,2.3,43.8,0.0,0.0,,1.1,0.1,1.0,0.7,0.3,0.4,0.1,1.6,0.3,-0.4,23,193,France,788.0,JDB-6D
44,Robin Pluvy,Cholet Basket,1,00:20,0.0,0.0,0.0,0.0,,0.0,0.0,,0.0,0.0,,0.0,0.0,0.0,0.0,0.0,0.0,0.0,0.0,0.0,0.0,18,180,France,20.0,CB-44P
17,Roko Prkacin,Nanterre 92,7,19:39,9.9,1.1,4.3,6.4,66.7,0.0,0.0,,1.3,2.4,52.9,4.0,2.1,1.9,1.3,1.7,1.4,0.3,3.3,2.1,8.3,22,207,Croatia,1179.0,N9-17P
25,Romain Valakou,Cholet Basket,1,00:57,0.0,0.0,0.0,0.0,,0.0,0.0,,0.0,0.0,,0.0,0.0,0.0,0.0,0.0,0.0,0.0,0.0,0.0,0.0,18,192,France,57.0,CB-25V
77,Roman Domon,BCM Gravelines-Dunkerque,10,17:46,5.8,1.02,1.8,3.9,46.2,0.5,1.4,35.7,1.7,2.3,73.9,2.6,1.0,1.6,0.7,0.7,0.8,0.0,1.4,2.4,-5.6,19,203,France,1066.0,BG-77D
1,Romeo Langford,BCM Gravelines-Dunkerque,3,12:55,2.0,0.55,0.7,3.0,22.2,0.0,1.3,,0.7,0.7,100.0,0.7,0.3,0.3,0.3,0.3,0.3,0.0,1.0,0.7,-8.7,25,193,United States,775.0,BG-1L
33,Ryan Hawkins,La Rochelle Rupella,11,23:45,5.6,0.69,2.3,6.9,32.9,1.0,5.0,20.0,0.1,0.3,33.3,2.8,0.3,2.6,1.3,1.0,1.2,0.3,1.8,0.6,-8.4,27,204,United States,1425.0,LRR-33H
3,Sam Sessoms,La Rochelle Rupella,10,25:35,11.6,0.83,4.7,11.0,42.7,0.8,4.0,20.0,1.4,1.6,87.5,1.7,0.4,1.3,3.0,1.0,2.3,0.4,2.5,2.0,-8.4,24,182,United States,1535.0,LRR-3S
7,Sebastian Herrera,Paris Basketball,8,18:40,6.3,0.95,1.8,5.1,34.2,1.5,4.5,33.3,1.3,1.3,100.0,1.5,0.1,1.4,1.3,1.0,0.9,0.1,1.9,1.1,6.1,27,193,Chile,1120.0,PB-7H
1,Shaquille Harrison,ASVEL Lyon-Villeurbanne,10,19:46,7.3,0.87,2.8,5.6,50.0,0.4,1.7,23.5,1.3,2.3,56.5,3.0,0.8,2.2,2.3,0.9,1.8,0.0,2.4,2.1,4.0,31,192,United States,1186.0,AL-1H
10,Shevon Thompson,SLUC Nancy Basket,11,31:46,16.6,1.18,6.5,10.3,62.8,0.2,0.2,100.0,3.5,4.2,82.6,8.3,3.1,5.2,0.6,1.0,1.9,1.1,2.6,3.3,1.9,31,213,Jamaica,1906.0,SNB-10T
22,Soren Bracq,Cholet Basket,9,06:38,2.8,1.06,1.0,2.1,47.4,0.4,0.9,50.0,0.3,0.7,50.0,0.3,0.0,0.3,0.8,0.2,0.2,0.0,1.0,0.7,2.4,17,189,France,398.0,CB-22B
0,Souley Boum,CSP Limoges,2,26:04,19.0,1.47,7.0,12.0,58.3,4.0,7.0,57.1,1.0,1.0,100.0,6.0,0.0,6.0,1.0,1.0,0.5,0.0,2.0,1.5,2.0,25,190,United States,1564.0,CL-0B
3,Stefan Smith,Cholet Basket,10,20:00,11.5,1.05,3.5,7.8,44.9,1.0,3.2,31.3,3.5,4.0,87.5,2.1,0.4,1.7,2.8,1.4,1.4,0.2,2.6,3.6,9.9,25,186,Canada,1200.0,CB-3S
5,T.J. Campbell,Cholet Basket,7,21:20,10.6,1.19,3.3,6.4,51.1,1.3,2.9,45.0,2.7,2.7,100.0,1.7,0.4,1.3,3.3,0.7,1.3,0.0,1.9,2.9,5.0,36,175,United States,1280.0,CB-5C
13,Taiga Okada,AS Monaco Basket,2,04:41,0.5,0.35,0.0,0.5,,0.0,0.5,,0.5,1.0,50.0,0.5,0.5,0.0,0.0,0.0,0.5,0.0,0.5,0.5,0.5,20,174,Japan,281.0,AMB-13O
13,Tajuan Agee,BCM Gravelines-Dunkerque,11,24:32,9.6,0.8,3.3,8.8,37.1,0.6,2.8,22.6,2.5,3.5,71.1,4.4,0.6,3.7,2.2,1.0,1.7,0.5,2.2,3.6,0.6,27,206,United States,1472.0,BG-13A
28,Tarik Black,ASVEL Lyon-Villeurbanne,10,11:06,4.1,1.06,1.6,2.2,72.7,0.0,0.0,,0.9,1.3,69.2,1.7,0.8,0.9,0.5,0.2,1.1,0.5,1.8,1.4,3.6,33,205,United States,666.0,AL-28B
35,TaShawn Thomas,Le Mans,11,24:43,10.8,1.11,4.1,6.8,60.0,0.4,1.1,33.3,2.3,3.1,73.5,3.7,1.5,2.3,1.7,0.6,1.6,0.6,3.2,2.9,3.8,31,203,United States,1483.0,LM-35T
22,Terry Tarpey,AS Monaco Basket,11,17:51,3.0,0.67,1.0,3.4,29.7,0.3,2.0,13.6,0.7,0.9,80.0,3.7,0.7,3.0,0.7,1.1,0.7,0.1,2.3,1.0,2.3,30,196,"France, United States",1071.0,AMB-22T
6,Theo Maledon,ASVEL Lyon-Villeurbanne,11,25:58,14.6,1.04,4.3,9.0,47.5,1.2,3.5,34.2,4.9,5.8,84.4,5.0,0.3,4.7,3.9,0.6,2.5,0.3,2.8,5.0,5.3,23,192,France,1558.0,AL-6M
45,Thomas Cornely,BCM Gravelines-Dunkerque,11,19:16,7.2,0.94,2.5,5.4,45.8,0.7,1.6,44.4,1.6,1.7,89.5,2.6,0.4,2.2,2.6,1.5,1.6,0.0,2.2,2.0,-2.1,33,190,France,1156.0,BG-45C
0,Timothy Neocartes Shorts II,Paris Basketball,8,22:36,15.1,1.15,5.3,9.3,56.8,0.9,2.0,43.8,3.8,5.0,75.0,1.5,0.0,1.5,6.0,0.9,1.8,0.3,1.3,3.8,11.1,27,175,United States,1356.0,PB-0I
2,Tray Buchanan,Le Mans,11,21:44,10.0,1.01,3.3,7.6,43.4,1.6,4.0,40.9,1.8,2.5,74.1,2.3,0.8,1.5,1.5,0.8,1.3,0.0,1.8,1.9,-2.4,26,187,United States,1304.0,LM-2B
5,Trevon Bluiett,CSP Limoges,11,29:33,12.6,1.04,3.8,9.7,39.3,2.6,5.9,44.6,2.3,3.3,69.4,3.6,1.2,2.4,1.6,0.6,0.9,0.0,2.3,3.2,2.4,30,198,United States,1773.0,CL-5B
12,Trevor Hudgins,Le Mans,11,24:52,15.8,1.29,4.8,9.7,49.5,3.3,6.8,48.0,2.9,3.0,97.0,1.4,0.2,1.2,2.7,0.6,1.2,0.0,2.6,3.7,2.4,25,180,United States,1492.0,LM-12H
4,Tyler Shamar Cheese,La Rochelle Rupella,7,18:22,9.1,0.85,3.0,8.3,36.2,1.0,3.7,26.9,2.1,2.3,93.8,2.7,0.6,2.1,1.1,0.6,1.4,0.0,1.3,2.3,-7.7,28,195,United States,1102.0,LRR-4C
0,Tyrell Terry,CSP Limoges,2,19:17,8.0,0.91,2.0,5.5,36.4,1.0,2.5,40.0,3.0,3.0,100.0,2.5,0.0,2.5,1.5,0.0,2.0,0.0,0.5,4.5,-0.5,24,187,United States,1157.0,CL-0T
3,Tyson Ward,Paris Basketball,10,20:06,12.1,1.1,4.3,9.1,47.3,2.3,5.5,41.8,1.2,1.8,66.7,3.4,0.6,2.8,0.9,0.9,1.1,0.6,1.6,3.0,12.0,27,198,United States,1206.0,PB-3W
12,Vafessa Moise Fofana,BCM Gravelines-Dunkerque,11,23:03,5.5,0.72,2.2,5.9,36.9,0.5,2.7,16.7,0.6,0.9,70.0,3.5,0.9,2.6,1.3,0.8,1.3,0.2,1.9,0.7,-4.1,32,200,France,1383.0,BG-12F
97,Valentin Chery,BCM Gravelines-Dunkerque,11,18:21,6.3,0.99,2.2,4.2,52.2,0.0,0.1,,1.9,3.2,60.0,5.0,1.6,3.4,0.8,0.4,0.7,0.2,2.7,2.4,1.2,27,202,France,1101.0,BG-97C
17,Vincent Amsellem,CSP Limoges,11,15:11,3.9,0.55,1.4,5.2,26.3,0.6,2.8,22.6,0.6,1.0,54.6,2.4,0.3,2.1,2.0,0.5,1.5,0.0,1.2,1.2,-3.0,22,193,France,911.0,CL-17A
11,Vitalis Chikoko,SIG Strasbourg,11,20:29,9.7,1.15,3.6,5.1,71.4,0.0,0.0,,2.5,3.6,69.2,5.3,2.0,3.3,1.5,0.2,1.8,1.1,2.2,3.0,2.5,33,207,Zimbabwe,1229.0,SS-11C
30,Vitto Brown,AS Monaco Basket,10,16:37,7.4,1.19,2.6,5.0,52.0,1.4,2.9,48.3,0.8,1.0,80.0,3.5,1.1,2.4,0.8,0.2,0.8,0.4,2.5,0.6,4.6,29,203,United States,997.0,AMB-30B
15,Wilfried Yeguete,Le Mans,11,23:21,9.7,0.84,4.1,8.4,48.9,0.0,0.2,,1.6,2.5,63.0,6.9,3.4,3.6,2.3,1.3,2.2,0.0,2.6,3.4,-0.4,33,203,France,1401.0,LM-15Y
5,William Pfister,Saint-Quentin,11,22:36,3.9,1.08,1.7,2.6,65.5,0.1,0.6,16.7,0.4,0.6,66.7,4.7,1.8,2.9,1.0,0.8,0.7,0.0,2.1,0.5,-0.2,29,205,France,1356.0,S-5P
44,Williams Narace,Le Mans,9,19:27,6.9,0.78,2.3,5.8,40.4,0.4,2.0,22.2,1.8,3.2,55.2,3.3,1.8,1.6,0.7,0.3,1.7,0.7,2.7,2.3,-3.8,27,202,Cameroon,1167.0,LM-44N
14,Wilson Jacques,JL Bourg-en-Bresse,1,01:10,0.0,0.0,0.0,0.0,,0.0,0.0,,0.0,0.0,,0.0,0.0,0.0,0.0,0.0,0.0,0.0,0.0,0.0,0.0,19,213,France,70.0,JB-14J
13,Xavier Castaneda,JL Bourg-en-Bresse,11,26:37,16.9,1.04,4.6,11.0,41.3,2.0,5.0,40.0,5.8,7.5,78.1,2.1,0.4,1.7,3.1,1.0,2.0,0.0,2.4,6.7,5.0,24,184,United States,1597.0,JB-13C
22,Yanis Tonnellier,Chalon Saone,1,00:53,0.0,0.0,0.0,0.0,,0.0,0.0,,0.0,2.0,,0.0,0.0,0.0,0.0,0.0,0.0,0.0,0.0,1.0,0.0,20,204,France,53.0,CS-22T
6,Yohan Theo Akofa Choupas,Chalon Saone,11,19:04,5.6,0.89,1.7,4.6,38.0,1.2,3.0,39.4,1.0,1.2,84.6,1.0,0.2,0.8,1.5,0.2,1.3,0.1,2.2,0.9,-1.1,24,193,France,1144.0,CS-6C
30,Yohann Sissoko,ASVEL Lyon-Villeurbanne,4,05:34,1.8,0.97,0.3,0.8,33.3,0.0,0.5,,1.3,1.3,100.0,0.3,0.0,0.3,0.0,0.0,0.5,0.0,1.0,0.8,0.0,18,188,France,334.0,AL-30S
40,Zac Cuthbertson,Chalon Saone,11,30:31,10.3,1.08,3.0,6.4,47.1,1.0,2.1,47.8,3.3,4.8,67.9,4.2,0.5,3.7,2.2,1.1,1.0,0.8,2.4,3.6,-3.8,27,201,United States,1831.0,CS-40C
12,Zacharie Perrin,SLUC Nancy Basket,11,18:48,4.2,0.74,1.8,4.5,40.8,0.1,1.5,6.3,0.5,1.0,45.5,5.1,1.6,3.6,1.2,0.3,0.7,0.4,1.7,0.8,-7.0,20,208,France,1128.0,SNB-12P
4,Zeljko Sakic,Chalon Saone,10,21:16,10.7,1.13,3.6,6.7,53.7,1.4,2.9,48.3,2.1,2.8,75.0,3.3,0.7,2.6,1.5,0.4,1.5,0.0,2.6,3.0,0.2,36,203,Croatia,1276.0,CS-4S
